Sequence,alphafold3_rp03_1.pdb,mcsym_rp03.pdb,rnacomposer_rp03.pdb,vfoldpipeline_rp03.pdb,3drna_rp03_1.pdb,best_rp03_1.pdb,trrosettarna_rp03_1.pdb,rhofold_rp03.pdb
C,4.832653045573771,17.85106262005107,34.83142824466224,6.497385480648628,46.247778722558635,36.578362874121126,13.160588200071444,19.331332014108035
U,1.4997715079410314,22.847053473294665,32.144163604368536,4.623263881566357,7.944761031582555,6.364573525889183,6.2474114439895,11.519062771287416
C,2.1247006983454035,22.065797504489367,8.122606033450808,4.3739584205311095,98.4120083963659,10.73473011953157,6.496512204433651,12.868821322693163
U,0.8749470441418765,15.748434832546517,6.9980927576912935,4.748832975658675,10.489573950149422,32.60704223305703,4.75032862576341,20.383742957549405
G,3.873579236059247,55.62353417043225,11.676946348935981,5.370499182125007,5.997482387089497,16.81402478229904,15.200273092104204,40.10888891691098
G,13.932060758228923,20.533563318009673,11.74583239479055,19.98591431845692,27.719274340603512,76.6405307182796,25.893195105767518,49.01744874872269
A,9.695893294514272,36.00672383226074,12.607920424159165,7.422864346231978,27.653727510967222,32.28554620151027,35.77160231339086,78.91798411092475
G,11.827845037520158,32.20557009598076,8.749242255542818,14.846149471736114,44.32437316151558,7.716240004746249,42.188317957094476,83.4084029717657
A,12.964492863865894,43.821688850455544,8.608775937019436,25.006263392085017,96.04240605689391,66.77600530422247,55.13189459817041,51.09362521455651
G,28.56797769325898,56.58571382671817,30.302125309439017,75.14084672941267,30.34779457126753,35.03181563001006,38.78575679562297,58.885054738653494
A,49.039020481926315,36.369075287627126,37.82139932412242,42.24230355207719,56.29649482018238,50.36777527713509,35.07039661814554,87.99125173565459
A,18.25660960702041,26.16132845353906,18.899937345204023,12.248638430916051,20.379638517918295,30.809914489806083,25.890753574389425,90.8201828577765
C,2.6248934753989253,28.953186085408984,11.239668919059946,3.3744302357679308,4.8692304754286955,9.98023178501883,5.2496522155178145,67.71420891852569
C,1.874851834977302,24.02090406486539,10.858084994663457,4.250014279938407,6.250567048996229,4.500610070995164,5.371854133015912,9.848984889789484
G,4.500228579119752,11.741532090272768,19.464681223812917,4.746020625180739,5.371245625038434,4.374420662789207,26.184904767830492,12.97910343176128
U,9.995881046542285,21.951019769271376,29.829782968921517,12.855240995767065,11.538140832343649,6.097347661292259,39.898878651989975,41.96449192773374
U,20.901381548128214,52.535101266202616,31.51921168996534,66.80860492222264,44.33999671815777,50.006058970338756,53.319620460166455,62.63707930409527
U,26.50590438241449,61.54366839705215,29.54579494053156,44.74370306805565,34.580829100272176,21.610051822937383,34.30253537726576,67.16588809319181
A,12.61995675791648,18.73044491598397,11.495167911582907,41.095878950419134,88.04141786329184,10.293856354918503,18.577542965171286,97.34724432595905
A,45.43213766844081,41.4348530271621,6.250309498972839,17.25427850095952,19.892853950709902,19.552926774317648,22.8957745147526,88.67809708933447
U,11.049828917707606,29.751614554852523,9.250385826147996,9.035448258928515,37.84229703789165,28.97873153561469,28.52371704734739,38.37607916260407
C,3.7437927884965525,28.18472542114094,5.990451352461471,8.119976736350702,11.22493780799552,36.91670752174821,12.321230446637268,38.014233151420676
G,3.6250886894402634,16.59341148673665,11.99576372558445,4.250119116814463,97.54146659140902,36.05486096085587,12.609420527210283,38.2359201385547
G,2.49954294627588,13.46928468169813,34.3413743961644,4.123861375296353,11.899345336901149,18.76246617692169,11.866770114832459,52.4159303070262
U,1.4999238282425906,34.60200504136638,17.666215461895437,6.248031947637086,27.061540271500895,40.68089748039079,7.249271626272771,17.27642368265965
C,2.87372763443369,28.248006533350924,25.842776889287435,8.25150327910716,71.66591054392539,9.239913165375539,12.12298762545945,37.92328849109364
G,3.4986280377466685,32.872719806886145,36.96734197970681,5.749728583255142,14.600179917863146,7.860619444218893,13.246872163031158,34.15569865960702
C,8.729593265234247,32.03496516559493,4.748699230379078,2.6245838740239193,9.47465356049069,4.750319355998192,26.184990415219108,40.17506742943765
C,4.620914857278175,21.95144265646086,6.4938819759835535,5.747517770242298,5.124943413382228,7.8726830922159685,5.124934074516857,14.357288080192198
G,15.743254907276516,30.41281874888322,20.52556452667433,6.473897356876092,19.338730383037458,25.72980359360552,23.02381420449879,51.053954867618906
A,25.347448641827636,66.6042007715578,38.019541508047695,32.52762048589029,37.69679086700726,30.413674148449058,27.501482931360062,94.18101227417124
A,18.871536413551514,15.344541954366994,16.24683312539772,12.546271918488793,11.238933156085224,6.124223109442297,20.15873459725862,69.35877241915549
G,5.12308944672591,26.77186260979516,11.104345286330402,5.998513473492775,39.31831264309198,7.99625517704906,27.577112762512336,85.14184583113033
G,3.1247053527844604,17.54380723605373,7.8458167963606185,4.6233976463931485,5.500152540954068,7.370795489118667,18.947947887475475,29.32165300641699
A,1.37466372887068,26.347398107448537,6.999771455717827,3.4991619715127555,4.625326983434668,7.999045817299784,10.245999017150993,104.9529823297502
G,3.499866663866263,24.45319170239682,8.877243987441279,11.587738060975516,3.874098964141065,21.811949574125794,9.729469052440884,65.98621764722175
C,21.390033766290298,22.817667640913367,19.635432801317677,20.57611966781875,12.477274341680369,58.12058975662801,24.874294165298732,35.45329491937665
A,3.369966293824756,24.235870324728907,18.346308723318703,6.743264038761483,5.373190952036866,30.050062491776988,15.845494138356566,70.09922348709095
A,4.873584994764878,45.16306890709752,2.7496045694970617,4.248041458071766,56.21219419260045,45.60491517369688,23.13709252488906,42.42819365553214
G,3.749842835805105,14.776184628093823,5.498704703254098,4.123562145130572,11.783856303730433,13.06563842898784,29.169180141001128,91.5080240699945
C,2.749738120145005,12.36065715634322,2.6245648877914656,2.873627716583941,8.929974081708254,35.939383143634025,36.44285641129001,14.390106028293904
U,1.7495763006993892,26.073162208714255,8.4986841247408,3.999885736561676,99.02786682358837,5.37167305832615,6.743918590549422,12.131951795911156
C,2.1249529816249364,27.530504028392286,4.49937113950012,4.499828480660143,11.64367444990814,4.8744370460671655,30.545377725708043,20.770801068879322
U,1.5000000000000002,29.33173091362594,8.749499101371606,4.624893706370854,5.472242351212564,4.997139820461367,25.4759544129381,12.54819163316985
G,1.874523186608703,20.744292128924474,6.740274973292214,4.6241647660705985,82.40660186130508,4.372872746015011,7.4986847138062025,55.098915152014634
C,1.7500047626383002,19.873693574165138,4.623726549920326,4.2490519602486705,92.04049661313846,4.498245731547977,6.126678082961232,16.789446998045367
G,3.375087480301425,12.351898541146504,9.876282835158488,4.623253821835817,7.600138569186555,4.870156805007289,22.998395112865193,35.06637698553569
G,8.732273795680415,11.48659678153938,9.456876758104073,6.744083796803966,13.438755667689177,8.204321603800368,54.38014514219468,26.66082409245404
A,5.871990258879781,11.126854236347834,5.872435704403303,29.2253758163761,35.35672304697607,25.674624486271853,51.67394571242771,61.60243006618748
A,5.497637951707504,33.558972126107356,8.102286024979358,24.65761040547124,96.1487730372261,22.134866255158215,26.68479418576119,78.9095886689713
A,3.7390645987967037,5.498722623668553,11.623524430688034,43.79364635859895,8.606620635923639,13.438866253387694,23.375201856183686,77.02485230941245
C,8.338260435537299,46.11641949287998,35.60964591472125,5.374749179178565,7.245116511451444,67.30685401617833,21.857586294447835,78.13227840929825
G,1.8746423730897854,30.070308227186533,4.123690693972968,3.875337568734577,23.67418036923775,21.36191209956375,7.873095005762905,16.62712828795002
C,1.4999238398456856,32.38619767483348,2.7467566967741113,3.7478127180854015,16.07612124453162,11.839650313090537,3.8722769570109894,38.8409449539414
A,3.6235929116566,22.623825291550922,8.625966328887605,3.9994284215623424,6.231275056452059,8.117747678266849,11.086454320480748,14.163383847900603
G,11.783761182517878,11.05770077483964,33.56725671635776,10.430569944611735,13.285366373715783,5.370051482616128,34.55764593809411,36.0663379219569
A,2.124995833838678,28.0227150856817,14.352845009747558,3.9990090037687067,6.500324895109712,7.126008589818355,16.39135155319873,82.78619599513739
G,2.9998476564869496,11.84336081943247,9.109129052920544,3.249976197685546,102.55328665344328,12.868617467107958,6.375802897931621,33.85677614515236
U,1.3749875051643592,31.41437929580685,6.750290866279062,5.874718013075913,16.63930470500055,8.240264975877626,10.123459088841573,14.086455734998546
G,8.364589112859314,64.0280823619708,10.641399802978064,14.493271256508587,6.620008036225629,18.216897561143156,25.78752260671927,81.21264721834191
A,13.501698636360485,13.332410536597804,11.847140823381437,6.122059591267729,11.98841681452019,15.437025572752558,36.4937253151211,110.08152875157515
A,4.747469970178116,28.871444566359255,14.670317646831814,8.322969825658724,108.33568617504625,44.99311723103631,20.007235914375276,70.12511733848707
A,24.911507477464074,37.27800472293673,34.585498599043774,60.02405471699993,99.14027761393437,24.891284378324652,30.41422569416971,57.2096145951883
C,12.608294448663766,20.144131245864877,22.921104370024814,16.058686727218767,30.66303018193483,6.6251554759785245,17.26406663248932,18.820710745670144
U,1.7491763428638756,23.59012348317131,8.692954964332886,4.875085137464635,17.884561829598724,9.493059568344242,5.364393194195727,65.17375281591873
C,4.375292420037271,21.187899386424853,7.368505918110643,5.125105405713386,7.513584748785093,7.979150363514487,23.21981697918473,50.393253506742404
U,37.598549973131504,27.559730116003323,21.047812293318973,17.819580705858947,81.61244198955283,7.368971536371932,36.415988286361625,50.854002993586136
C,19.90542857920074,19.845421021587466,33.15929169832538,9.994842961916213,102.19917173481085,4.873345081814204,43.98183408053245,68.992343413088
A,4.749823828052547,22.735589138621922,37.01605000266243,9.37573190317802,19.07693828980198,9.221982273969195,25.581052934543177,81.85221239272032
G,3.7488702730581,10.11661805654722,4.248737922717578,2.4991619715127555,10.745802754272479,5.372441299515434,27.716429644530084,30.482614619001406
G,31.100270639665126,23.988120652906492,9.3630208277322,5.12454348686424,13.320582324209623,20.514068603825685,38.073831910368554,15.476260518652797
C,15.664266429097932,21.1402291322112,12.20548850429382,20.389624898589357,19.737729793722025,49.21922491722087,29.12681654310181,53.37445892989675
A,15.733743757436438,47.45109607518656,16.506285962495905,11.187641872858249,114.6444606384821,10.105063560556552,78.52505759051996,56.344388686496096
A,5.375454832148949,30.26620446095413,6.483025493703915,5.994659266894997,25.05661979594611,12.995210639289358,19.574476794427223,72.96465816952467
A,5.872297902112242,8.62227763188519,10.87664045332798,5.992902835001313,13.208571202083572,9.47093855741485,10.38288877601756,84.95723356969557
A,3.12410984977032,33.939241781515044,14.390267133432095,6.125410171057856,7.1236745391389835,8.2460324932013,19.174107497851125,95.16837024119147
G,6.874188278299289,34.75179452109905,30.299160075004753,5.736482495166238,12.610101347585033,39.172785224378,40.393679559406486,39.133721816706846
G,16.072977857220323,45.429455416543796,8.366145730967885,17.523857938390336,9.581149280793225,7.9894501988824445,17.6116845912365,11.788059337583089
A,10.226386820920972,16.895603742274744,13.92874371653994,11.62496234685215,90.68823201164626,4.875066443949599,19.539308243361667,52.68192413700201
C,3.120762173181542,35.9087354467729,14.650549524085353,3.9956142308906695,8.362749367283888,4.373915974696719,29.267190660223815,32.18934681580924
A,3.9997714295932916,26.84400520478913,14.859068948071348,3.998895306667562,9.217850377379513,3.3745731013434646,9.98947422304474,39.1742241780405
G,9.336597252768467,16.60121059567333,8.628375153657556,8.497766884039025,76.76809669533391,8.499160255145322,14.233221077679039,45.602614653419096
